-- phpMyAdmin SQL Dump
-- version 4.8.5
-- https://www.phpmyadmin.net/
--
-- Хост: localhost
-- Время создания: Авг 26 2019 г., 21:22
-- Версия сервера: 8.0.13-4
-- Версия PHP: 7.2.19-0ubuntu0.18.04.2

SET SQL_MODE = "NO_AUTO_VALUE_ON_ZERO";
SET AUTOCOMMIT = 0;
START TRANSACTION;
SET time_zone = "+00:00";


/*!40101 SET @OLD_CHARACTER_SET_CLIENT=@@CHARACTER_SET_CLIENT */;
/*!40101 SET @OLD_CHARACTER_SET_RESULTS=@@CHARACTER_SET_RESULTS */;
/*!40101 SET @OLD_COLLATION_CONNECTION=@@COLLATION_CONNECTION */;
/*!40101 SET NAMES utf8mb4 */;

--
-- База данных: `9UM3CIuuTw`
--
CREATE DATABASE IF NOT EXISTS `9UM3CIuuTw` DEFAULT CHARACTER SET utf8 COLLATE utf8_unicode_ci;
USE `9UM3CIuuTw`;

-- --------------------------------------------------------

--
-- Структура таблицы `inv`
--

CREATE TABLE `inv` (
  `owner_id` bigint(255) NOT NULL,
  `item_id` int(11) NOT NULL,
  `count` int(11) NOT NULL
) ENGINE=InnoDB DEFAULT CHARSET=utf8 COLLATE=utf8_unicode_ci;

--
-- Дамп данных таблицы `inv`
--

INSERT INTO `inv` (`owner_id`, `item_id`, `count`) VALUES
(394879199325847562, 2, 1),
(394879199325847562, 2, 1),
(420663223344168976, 2, 1),
(394879199325847562, 2, 1),
(394879199325847562, 2, 1),
(394879199325847562, 2, 1),
(352468271175565312, 3, 1),
(394879199325847562, 3, 1),
(394879199325847562, 2, 1),
(394879199325847562, 3, 1),
(394879199325847562, 3, 1),
(394879199325847562, 3, 1);

-- --------------------------------------------------------

--
-- Структура таблицы `items`
--

CREATE TABLE `items` (
  `item_id` bigint(255) NOT NULL,
  `item_title` text COLLATE utf8_unicode_ci NOT NULL,
  `item_cost` int(11) NOT NULL,
  `item_power` int(11) NOT NULL
) ENGINE=InnoDB DEFAULT CHARSET=utf8 COLLATE=utf8_unicode_ci;

--
-- Дамп данных таблицы `items`
--

INSERT INTO `items` (`item_id`, `item_title`, `item_cost`, `item_power`) VALUES
(1, '5x 1day xp boost', 1000, 0),
(2, 'Admin\'s ban hammer', 15000, 133722848),
(3, 'Knife', 1000, 20000);

-- --------------------------------------------------------

--
-- Структура таблицы `prefixes`
--

CREATE TABLE `prefixes` (
  `serverid` bigint(255) NOT NULL,
  `prefix` text COLLATE utf8_unicode_ci NOT NULL
) ENGINE=InnoDB DEFAULT CHARSET=utf8 COLLATE=utf8_unicode_ci;

-- --------------------------------------------------------

--
-- Структура таблицы `user_info`
--

CREATE TABLE `user_info` (
  `user_id` bigint(255) DEFAULT NULL,
  `description` text
) ENGINE=InnoDB DEFAULT CHARSET=utf8;

--
-- Дамп данных таблицы `user_info`
--

INSERT INTO `user_info` (`user_id`, `description`) VALUES
(394879199325847562, 'Runtime Error: Life is over'),
(407524032292847624, 'Not provided'),
(556437901509001216, 'Not provided'),
(359291319367106560, 'Not provided'),
(447275085217398785, 'Not provided'),
(319050081795964928, 'Not provided'),
(598826274491990016, 'Not provided'),
(598925038636498956, 'Not provided'),
(523787242490167306, 'Not provided'),
(297431175860060160, 'Not provided'),
(295581341939007489, 'Not provided'),
(381469857587134465, 'Not provided'),
(264704218173014017, 'Not provided'),
(239387797457207297, 'Not provided'),
(324922480642752512, 'Not provided'),
(535178231666573322, 'Not provided'),
(352468271175565312, 'Not provided'),
(579282419325206540, 'Not provided'),
(350206479598616576, 'Not provided'),
(604509740730417164, 'Not provided'),
(555466074519502863, 'Not provided'),
(282905193513746432, 'Not provided'),
(592027671383244839, 'Not provided'),
(428464195458170881, 'Not provided'),
(477733320583544838, 'Not provided'),
(442066742999646222, 'Not provided'),
(378702823136821251, 'Not provided'),
(289418396867624960, 'Not provided'),
(342746450813517824, 'Not provided'),
(497437726346575872, 'Not provided'),
(440204362527014912, 'Not provided'),
(288308951060316161, 'Not provided'),
(564527549787537438, 'Not provided'),
(531600231255506944, 'Not provided'),
(413375157982461952, 'Not provided'),
(425664340046249994, 'Not provided'),
(467978686369628166, 'Not provided'),
(497504786548129792, 'Not provided'),
(493315622827196418, 'Not provided'),
(542277745971822603, 'Not provided'),
(426384998703300619, 'Not provided'),
(596151844812750859, 'Not provided'),
(440204517133516802, 'Not provided'),
(361910648331829249, 'Not provided'),
(546364821881356288, 'Not provided'),
(379297738032152586, 'Not provided'),
(186717516825886720, 'Not provided'),
(361431184766664715, 'Not provided'),
(339342398582947840, 'Not provided'),
(594815170950463488, 'Not provided'),
(605250862029209600, 'Not provided'),
(484776353254604827, 'Not provided'),
(586145301866348565, 'Not provided'),
(604556296540389387, 'Not provided'),
(604647786914250783, 'Not provided'),
(535865495409131535, 'Not provided'),
(590155200849772545, 'Not provided'),
(546354976486850583, 'Not provided'),
(509318789179899906, 'Not provided'),
(382633250830417920, 'Not provided'),
(592606742500605973, 'Not provided'),
(400975597301661716, 'Not provided'),
(431884866930343938, 'Not provided'),
(392322509665599488, 'Not provided'),
(538363650398748684, 'Not provided'),
(331384331194859520, 'Not provided'),
(528550608412737558, 'Not provided'),
(485393244981559306, 'Not provided'),
(605393427374276648, 'Not provided'),
(348444859360608256, 'Not provided'),
(465385536153190411, 'Not provided'),
(534002929225433088, 'Not provided'),
(605429102769602602, 'Not provided'),
(456911063083122694, 'SunRice Ne BAN'),
(418844737093500931, 'Not provided'),
(517331770656686080, 'Not provided'),
(465234138211942411, 'Not provided'),
(455724415397658634, 'Not provided'),
(418423436013076500, 'Not provided'),
(468359358586159105, 'Not provided'),
(326774206803083264, 'Not provided'),
(605438846716477441, 'Not provided'),
(269545257362784256, 'Not provided'),
(587543555401318406, 'Not provided'),
(543843670449848350, 'Not provided'),
(558698266615873576, 'Not provided'),
(295199677333241857, 'Not provided'),
(181039543917477888, 'Not provided'),
(595897236282671114, 'Not provided'),
(546244204632735745, 'Not provided'),
(445183574526918656, 'Not provided'),
(476819415539646485, 'Not provided'),
(572015605557886976, 'Not provided'),
(428940232902311946, 'Not provided'),
(582594838755803145, 'Not provided'),
(371311292985901057, 'Not provided'),
(544485611344756756, 'Not provided'),
(425671835011645446, 'Not provided'),
(519825800581611520, 'Not provided'),
(451690146421538816, 'Not provided'),
(496663285874032641, 'Not provided'),
(558197235284836362, 'Not provided'),
(336758055494746113, 'Not provided'),
(545552213481750529, 'Not provided'),
(451447389702848512, 'Not provided'),
(520929474821357578, 'Not provided'),
(373872608027869184, 'Not provided'),
(599837304009392147, 'Not provided'),
(599837304009392147, 'Not provided'),
(543083370444357638, 'Not provided'),
(543083370444357638, 'Not provided'),
(201976591490875392, 'Not provided'),
(201976591490875392, 'Not provided'),
(393402247171801090, 'Not provided'),
(393402247171801090, 'Not provided'),
(503981176806178816, '123'),
(503981176806178816, '123'),
(452000716442173470, 'Not provided'),
(452000716442173470, 'Not provided'),
(403998936538415115, 'Not provided'),
(403998936538415115, 'Not provided'),
(518852765343285279, 'Not provided'),
(518852765343285279, 'Not provided'),
(606926243098787860, 'Not provided'),
(606926243098787860, 'Not provided'),
(552099153274994701, 'Not provided'),
(552099153274994701, 'Not provided'),
(305804778892427264, 'Not provided'),
(305804778892427264, 'Not provided'),
(236239382577676288, 'Not provided'),
(236239382577676288, 'Not provided'),
(590843580793356307, 'Not provided'),
(590843580793356307, 'Not provided'),
(278415818771922945, 'Not provided'),
(278415818771922945, 'Not provided'),
(586279829431910410, 'Not provided'),
(586279829431910410, 'Not provided'),
(477416768256737280, 'Not provided'),
(477416768256737280, 'Not provided'),
(386477101374504960, 'Not provided'),
(386477101374504960, 'Not provided'),
(366202870070116362, 'Not provided'),
(366202870070116362, 'Not provided'),
(256722565010161674, 'Not provided'),
(387214529299480608, 'Not provided'),
(428615300015980564, 'Not provided'),
(267967915855314944, 'Not provided'),
(358085395898171402, 'Not provided'),
(358277403816099850, 'Not provided'),
(526096081482809354, 'Not provided'),
(420663223344168976, 'Not provided'),
(236876918853599232, 'Not provided'),
(359421913233358849, 'Not provided'),
(389436887024009227, 'Not provided'),
(478095756994281472, 'Not provided'),
(377383169420427264, 'Not provided'),
(504649057243889676, 'Not provided'),
(423148391116046356, 'Not provided'),
(322408586263134209, 'Not provided'),
(344134711167156224, 'Not provided'),
(281436960193642497, 'Not provided'),
(369903910313394176, 'Not provided'),
(533951944033697794, 'Not provided'),
(301218562146566146, 'Not provided'),
(342360334142668820, 'Not provided'),
(383662274709291011, 'Not provided'),
(295980401560649730, 'Not provided'),
(328983966650728448, 'Not provided'),
(269758783557730314, 'Not provided'),
(221221226561929217, 'Not provided'),
(517016133694521374, 'Not provided'),
(268474804699398154, 'Not provided'),
(395250833748656138, 'Not provided'),
(309379432198569995, 'Not provided'),
(209580871169081344, 'Not provided'),
(291578492418785291, 'Not provided'),
(347055031264083969, 'Not provided'),
(342796453477089281, 'Not provided'),
(427040024513609729, 'Not provided'),
(296472766637408256, 'Not provided'),
(131417543888863232, 'Not provided'),
(157945195931893761, 'Not provided'),
(293805585378574336, 'Not provided'),
(420455135156764672, 'Not provided'),
(258622912095846400, 'Not provided'),
(320480620633391104, 'Not provided'),
(262410813254402048, 'Not provided'),
(257413019787722752, 'Not provided'),
(492374435274162177, 'Not provided'),
(536587154047107073, 'Not provided'),
(127888387364487168, 'Not provided'),
(317098359116529666, 'Not provided'),
(261596528207069185, 'Not provided'),
(474124619188797443, 'Not provided'),
(505460705932083201, 'Not provided'),
(461573358551695370, 'Not provided'),
(392028262965968907, 'Not provided'),
(536379400686665778, 'Not provided'),
(554539601977409536, 'Not provided'),
(95654451179687936, 'Not provided'),
(192353564738322433, 'Not provided'),
(322935449305874433, 'Not provided'),
(331265944363991042, 'Not provided'),
(316943845596200960, 'Not provided'),
(241250973182459914, 'Not provided'),
(557584340285128709, 'Not provided'),
(597069381184258048, 'Not provided'),
(184598052747739136, 'Not provided'),
(553250146750693404, 'Not provided'),
(394166097928126464, 'Not provided'),
(291247591398572032, 'Not provided'),
(249521750465970177, 'Not provided'),
(336926219423711242, 'Not provided'),
(610789392608526347, 'Not provided'),
(591537576129855489, 'Not provided'),
(351620288430997507, 'Not provided'),
(287164043591024641, 'Not provided'),
(259743772366077972, 'Not provided'),
(267083201049001984, 'Not provided'),
(293571226956464128, 'Not provided'),
(576964048881713168, 'Not provided'),
(402196901811847178, 'Not provided'),
(450496333933969418, 'Not provided'),
(601661990523502594, 'Not provided'),
(321091504242294784, 'Not provided'),
(507408804145528832, 'Not provided'),
(331882791924924418, 'Not provided'),
(448496216008032288, 'Not provided'),
(236740363908284418, 'Not provided'),
(477836099062988800, 'Not provided'),
(523112685085130763, 'Not provided'),
(292675388180791297, 'Not provided'),
(504029927423737866, 'Not provided'),
(574951690155982851, 'Not provided'),
(323126002253430785, 'Not provided'),
(484120602098008098, 'Not provided'),
(422373229278003231, 'Not provided'),
(335893092756488205, 'Not provided'),
(577605951843074051, 'Not provided'),
(275723948803489792, 'Not provided'),
(342776548237246464, 'Not provided'),
(569222270656970763, 'Not provided'),
(488509787458240512, 'Not provided'),
(436900177656152075, 'Not provided'),
(373258589332045828, 'Not provided'),
(446254674820071424, 'Not provided'),
(612922837489025045, 'Not provided'),
(352776562937954304, 'Not provided'),
(597956371027066890, 'Not provided'),
(530982748932800524, 'Not provided'),
(493028557031866368, 'Not provided'),
(419571550270914562, 'Not provided'),
(236051314080088064, 'Not provided'),
(501027231192055809, 'Not provided'),
(296708259321085953, 'Not provided'),
(282504799897780225, 'Not provided'),
(247189125797511168, 'Not provided'),
(604307913191849987, 'Not provided'),
(245272216315494412, 'Not provided'),
(432233207140974592, 'Not provided'),
(354741784061935619, 'Not provided'),
(249467130108575745, 'Not provided'),
(263349725099458566, 'Not provided'),
(412601043898204160, 'Not provided'),
(406187492673323011, 'Not provided'),
(539541219651485696, 'Not provided'),
(532025158865780756, 'Not provided'),
(382183479720280064, 'Not provided'),
(148132603612889088, 'Not provided'),
(142448437701378049, 'Not provided'),
(396289275043381249, 'Not provided'),
(361179719800061963, 'Not provided'),
(389073677498449920, 'Not provided'),
(328448086412230658, 'Not provided'),
(554367614873501706, 'Not provided'),
(436928124521938954, 'Not provided'),
(380307921952833537, 'Not provided'),
(368728804891295746, 'Not provided'),
(495905651365642250, 'Not provided'),
(361951318929309707, 'Not provided'),
(456244984295849995, 'Not provided'),
(486817898078404621, 'Not provided'),
(357555941215961099, 'Not provided'),
(282980174931427328, 'Not provided'),
(426034919232372737, 'Not provided'),
(416869798249758731, 'Not provided'),
(291574480084664320, 'Not provided'),
(563587297858027521, 'Not provided'),
(437375723133730816, 'Not provided'),
(555420361089613854, 'Not provided'),
(417886593937047552, 'Not provided'),
(586728827359592451, 'Not provided'),
(605911166744657922, 'Not provided'),
(364579595044782080, 'Not provided'),
(485753120735887370, 'Not provided'),
(423923426990751754, 'Not provided'),
(474108121560907787, 'Not provided'),
(321137772054183947, 'Not provided'),
(614187336367865856, 'Not provided'),
(313114429451665409, 'Not provided'),
(266103595949096960, 'Not provided'),
(325330035311640576, 'Not provided'),
(362191980656066571, 'Not provided'),
(267965307778367488, 'Not provided'),
(476498093584416769, 'Not provided'),
(247545190154240001, 'Not provided'),
(465963635664093214, 'Not provided'),
(600597544052981770, 'Not provided'),
(569874192733044747, 'Not provided'),
(553340441630605313, 'Not provided'),
(144645791145918464, 'Not provided'),
(541191498071408640, 'Not provided'),
(360380193937817600, 'Not provided'),
(326641189870895104, 'Not provided'),
(589475671181623306, 'Not provided'),
(360418915626516490, 'Not provided'),
(477126883369156610, 'Not provided'),
(375903224345133059, 'Not provided'),
(578507623360626688, 'Not provided'),
(534167549777018890, 'Not provided'),
(565172976966828032, 'Not provided'),
(353482513399676928, 'Not provided'),
(562408623784067074, 'Not provided'),
(614282527636455433, 'Not provided'),
(238768977541595137, 'Not provided'),
(194089003530715136, 'Not provided'),
(355653431236624404, 'Not provided'),
(423196772882579456, 'Not provided'),
(370940770225618954, 'Not provided'),
(527193621355823114, 'Not provided'),
(532302974320508948, 'Not provided'),
(372511780494114818, 'Not provided'),
(612755834392281120, 'Not provided'),
(234234723314958339, 'Not provided'),
(482957495438934027, 'Not provided'),
(593416738725691403, 'Not provided'),
(603355970906619914, 'Not provided'),
(164315105264271360, 'Not provided'),
(353328118427287573, 'Not provided'),
(594852041050816522, 'Not provided'),
(126078488619909121, 'Not provided'),
(506899274748133376, 'Not provided');

-- --------------------------------------------------------

--
-- Структура таблицы `user_keys`
--

CREATE TABLE `user_keys` (
  `user_id` bigint(255) DEFAULT NULL,
  `server_user_id` int(255) DEFAULT NULL
) ENGINE=InnoDB DEFAULT CHARSET=utf8 COLLATE=utf8_unicode_ci;

--
-- Дамп данных таблицы `user_keys`
--

INSERT INTO `user_keys` (`user_id`, `server_user_id`) VALUES
(394879199325847562, 12732347),
(378702823136821251, 13471368);

-- --------------------------------------------------------

--
-- Структура таблицы `user_leveling`
--

CREATE TABLE `user_leveling` (
  `user_id` bigint(20) NOT NULL DEFAULT '0',
  `level` int(255) NOT NULL DEFAULT '1',
  `xp` int(255) NOT NULL DEFAULT '1',
  `gold` int(11) DEFAULT '0'
) ENGINE=InnoDB DEFAULT CHARSET=utf8;

--
-- Дамп данных таблицы `user_leveling`
--

INSERT INTO `user_leveling` (`user_id`, `level`, `xp`, `gold`) VALUES
(394879199325847562, 12, 347, 70001),
(556437901509001216, 25, 6875, 110606),
(319050081795964928, 40, 7714, 23953),
(324922480642752512, 1, 106, 0),
(535178231666573322, 15, 1158, 7885),
(598925038636498956, 2, 139, 525),
(359291319367106560, 9, 1976, 5292),
(407524032292847624, 24, 4874, 15922),
(447275085217398785, 31, 767, 22202),
(598826274491990016, 1, 0, 0),
(523787242490167306, 1, 0, 0),
(297431175860060160, 1, 0, 0),
(295581341939007489, 1, 12, 0),
(381469857587134465, 1, 0, 0),
(264704218173014017, 10, 1650, 7368),
(239387797457207297, 1, 0, 0),
(352468271175565312, 4, 175, 741),
(579282419325206540, 1, 0, 0),
(350206479598616576, 1, 13, 0),
(604509740730417164, 1, 0, 0),
(555466074519502863, 2, 52, 813),
(282905193513746432, 1, 23, 0),
(592027671383244839, 1, 0, 0),
(428464195458170881, 2, 6, 633),
(477733320583544838, 2, 150, 979),
(442066742999646222, 1, 0, 0),
(378702823136821251, 1, 68, 0),
(289418396867624960, 2, 125, 1228),
(342746450813517824, 1, 0, 0),
(497437726346575872, 1, 0, 0),
(440204362527014912, 1, 33, 0),
(288308951060316161, 1, 25, 0),
(564527549787537438, 1, 0, 0),
(531600231255506944, 1, 0, 0),
(413375157982461952, 1, 0, 0),
(425664340046249994, 1, 0, 0),
(467978686369628166, 1, 0, 0),
(497504786548129792, 1, 0, 0),
(493315622827196418, 1, 0, 0),
(542277745971822603, 1, 0, 0),
(426384998703300619, 1, 0, 0),
(596151844812750859, 1, 0, 0),
(440204517133516802, 1, 0, 0),
(361910648331829249, 1, 0, 0),
(546364821881356288, 1, 0, 0),
(379297738032152586, 1, 100, 0),
(186717516825886720, 1, 0, 0),
(361431184766664715, 1, 0, 0),
(339342398582947840, 1, 0, 0),
(594815170950463488, 1, 0, 0),
(605250862029209600, 1, 0, 0),
(484776353254604827, 1, 0, 0),
(586145301866348565, 1, 0, 0),
(604556296540389387, 1, 0, 0),
(604647786914250783, 1, 0, 0),
(535865495409131535, 1, 0, 0),
(590155200849772545, 1, 0, 0),
(546354976486850583, 1, 0, 0),
(509318789179899906, 1, 0, 0),
(382633250830417920, 1, 101, 0),
(592606742500605973, 1, 0, 0),
(400975597301661716, 1, 15, 0),
(431884866930343938, 1, 0, 0),
(392322509665599488, 1, 0, 0),
(538363650398748684, 1, 0, 0),
(331384331194859520, 1, 0, 0),
(528550608412737558, 1, 0, 0),
(485393244981559306, 1, 0, 0),
(605393427374276648, 1, 0, 0),
(348444859360608256, 1, 0, 0),
(465385536153190411, 1, 0, 0),
(534002929225433088, 1, 0, 0),
(605429102769602602, 1, 0, 0),
(456911063083122694, 2, 107, 190),
(418844737093500931, 1, 0, 0),
(517331770656686080, 1, 0, 0),
(465234138211942411, 1, 0, 0),
(455724415397658634, 1, 42, 0),
(418423436013076500, 1, 0, 0),
(468359358586159105, 1, 0, 0),
(326774206803083264, 1, 9, 0),
(605438846716477441, 1, 0, 0),
(269545257362784256, 1, 0, 0),
(587543555401318406, 1, 0, 0),
(543843670449848350, 1, 0, 0),
(558698266615873576, 1, 0, 0),
(295199677333241857, 3, 58, 1360),
(181039543917477888, 1, 0, 0),
(595897236282671114, 1, 0, 0),
(546244204632735745, 1, 0, 0),
(445183574526918656, 1, 0, 0),
(476819415539646485, 1, 0, 0),
(572015605557886976, 1, 0, 0),
(428940232902311946, 1, 0, 0),
(582594838755803145, 1, 0, 0),
(371311292985901057, 1, 0, 0),
(544485611344756756, 1, 0, 0),
(425671835011645446, 1, 0, 0),
(519825800581611520, 1, 0, 0),
(451690146421538816, 1, 0, 0),
(496663285874032641, 1, 0, 0),
(558197235284836362, 1, 0, 0),
(336758055494746113, 1, 0, 0),
(545552213481750529, 1, 0, 0),
(451447389702848512, 1, 0, 0),
(520929474821357578, 1, 0, 0),
(373872608027869184, 1, 0, 0),
(599837304009392147, 1, 0, 0),
(599837304009392147, 1, 0, 0),
(543083370444357638, 1, 0, 0),
(543083370444357638, 1, 0, 0),
(201976591490875392, 1, 0, 0),
(201976591490875392, 1, 0, 0),
(393402247171801090, 1, 0, 0),
(393402247171801090, 1, 0, 0),
(503981176806178816, 1, 35, 0),
(503981176806178816, 1, 35, 0),
(452000716442173470, 2, 344, 149),
(452000716442173470, 2, 344, 149),
(403998936538415115, 1, 0, 0),
(403998936538415115, 1, 0, 0),
(518852765343285279, 1, 0, 0),
(518852765343285279, 1, 0, 0),
(606926243098787860, 1, 0, 0),
(606926243098787860, 1, 0, 0),
(552099153274994701, 1, 0, 0),
(552099153274994701, 1, 0, 0),
(305804778892427264, 1, 0, 0),
(305804778892427264, 1, 0, 0),
(236239382577676288, 1, 0, 0),
(590843580793356307, 1, 0, 0),
(590843580793356307, 1, 0, 0),
(278415818771922945, 1, 0, 0),
(278415818771922945, 1, 0, 0),
(586279829431910410, 2, 0, 171),
(586279829431910410, 2, 0, 171),
(477416768256737280, 1, 0, 0),
(477416768256737280, 1, 0, 0),
(386477101374504960, 1, 19, 0),
(386477101374504960, 1, 19, 0),
(366202870070116362, 1, 0, 0),
(366202870070116362, 1, 0, 0),
(256722565010161674, 2, 134, 92),
(387214529299480608, 1, 0, 0),
(428615300015980564, 1, 0, 0),
(267967915855314944, 1, 30, 0),
(358085395898171402, 1, 210, 0),
(358277403816099850, 1, 12, 0),
(526096081482809354, 1, 0, 0),
(420663223344168976, 1, 51, 0),
(236876918853599232, 1, 0, 0),
(359421913233358849, 1, 0, 0),
(389436887024009227, 1, 150, 0),
(478095756994281472, 3, 512, 1504),
(377383169420427264, 1, 0, 0),
(504649057243889676, 1, 85, 0),
(423148391116046356, 1, 0, 0),
(322408586263134209, 1, 37, 0),
(344134711167156224, 1, 25, 0),
(281436960193642497, 1, 0, 0),
(369903910313394176, 1, 0, 0),
(533951944033697794, 1, 39, 0),
(301218562146566146, 1, 0, 0),
(342360334142668820, 1, 0, 0),
(383662274709291011, 1, 0, 0),
(295980401560649730, 1, 29, 0),
(328983966650728448, 2, 295, 1118),
(269758783557730314, 1, 1, 0),
(221221226561929217, 1, 58, 0),
(517016133694521374, 1, 20, 0),
(268474804699398154, 1, 27, 0),
(395250833748656138, 1, 0, 0),
(309379432198569995, 1, 0, 0),
(209580871169081344, 1, 270, 0),
(291578492418785291, 1, 25, 0),
(347055031264083969, 1, 8, 0),
(342796453477089281, 1, 54, 0),
(427040024513609729, 1, 0, 0),
(296472766637408256, 1, 0, 0),
(131417543888863232, 1, 25, 0),
(157945195931893761, 1, 0, 0),
(293805585378574336, 1, 127, 0),
(420455135156764672, 1, 209, 0),
(258622912095846400, 1, 86, 0),
(320480620633391104, 1, 0, 0),
(262410813254402048, 1, 63, 0),
(257413019787722752, 1, 70, 0),
(492374435274162177, 1, 0, 0),
(536587154047107073, 1, 6, 0),
(127888387364487168, 2, 101, 383),
(317098359116529666, 1, 14, 0),
(261596528207069185, 1, 1, 0),
(474124619188797443, 1, 196, 0),
(505460705932083201, 1, 12, 0),
(461573358551695370, 1, 0, 0),
(392028262965968907, 1, 0, 0),
(536379400686665778, 1, 0, 0),
(554539601977409536, 2, 463, 91),
(95654451179687936, 1, 3, 0),
(192353564738322433, 1, 17, 0),
(322935449305874433, 1, 69, 0),
(331265944363991042, 1, 0, 0),
(316943845596200960, 1, 0, 0),
(241250973182459914, 1, 0, 0),
(557584340285128709, 1, 9, 0),
(597069381184258048, 1, 0, 0),
(184598052747739136, 1, 7, 0),
(553250146750693404, 1, 36, 0),
(394166097928126464, 1, 8, 0),
(291247591398572032, 1, 2, 0),
(249521750465970177, 1, 0, 0),
(336926219423711242, 1, 0, 0),
(610789392608526347, 1, 7, 0),
(591537576129855489, 1, 0, 0),
(351620288430997507, 1, 11, 0),
(287164043591024641, 1, 8, 0),
(259743772366077972, 1, 0, 0),
(267083201049001984, 1, 3, 0),
(293571226956464128, 1, 8, 0),
(576964048881713168, 1, 101, 0),
(402196901811847178, 1, 10, 0),
(450496333933969418, 1, 0, 0),
(601661990523502594, 1, 0, 0),
(321091504242294784, 1, 0, 0),
(507408804145528832, 1, 120, 0),
(331882791924924418, 1, 0, 0),
(448496216008032288, 1, 1, 0),
(236740363908284418, 1, 7, 0),
(477836099062988800, 1, 0, 0),
(523112685085130763, 1, 9, 0),
(292675388180791297, 1, 0, 0),
(504029927423737866, 1, 1, 0),
(574951690155982851, 1, 1, 0),
(323126002253430785, 1, 1, 0),
(484120602098008098, 1, 0, 0),
(422373229278003231, 1, 0, 0),
(335893092756488205, 1, 7, 0),
(577605951843074051, 1, 1, 0),
(275723948803489792, 1, 0, 0),
(342776548237246464, 1, 0, 0),
(569222270656970763, 1, 6, 0),
(488509787458240512, 1, 8, 0),
(436900177656152075, 1, 0, 0),
(373258589332045828, 1, 2, 0),
(446254674820071424, 1, 0, 0),
(612922837489025045, 1, 15, 0),
(352776562937954304, 1, 0, 0),
(597956371027066890, 1, 7, 0),
(530982748932800524, 1, 0, 0),
(493028557031866368, 1, 4, 0),
(419571550270914562, 1, 1, 0),
(236051314080088064, 1, 10, 0),
(501027231192055809, 1, 0, 0),
(296708259321085953, 1, 1, 0),
(282504799897780225, 1, 0, 0),
(247189125797511168, 1, 0, 0),
(604307913191849987, 1, 0, 0),
(245272216315494412, 1, 5, 0),
(432233207140974592, 1, 5, 0),
(354741784061935619, 1, 8, 0),
(249467130108575745, 1, 9, 0),
(263349725099458566, 1, 0, 0),
(412601043898204160, 1, 0, 0),
(406187492673323011, 1, 0, 0),
(539541219651485696, 1, 0, 0),
(532025158865780756, 1, 0, 0),
(382183479720280064, 1, 0, 0),
(148132603612889088, 1, 2, 0),
(142448437701378049, 1, 0, 0),
(396289275043381249, 1, 4, 0),
(361179719800061963, 1, 0, 0),
(389073677498449920, 1, 0, 0),
(328448086412230658, 1, 0, 0),
(554367614873501706, 1, 0, 0),
(436928124521938954, 1, 0, 0),
(380307921952833537, 1, 0, 0),
(368728804891295746, 1, 0, 0),
(495905651365642250, 1, 0, 0),
(361951318929309707, 1, 0, 0),
(456244984295849995, 1, 0, 0),
(486817898078404621, 1, 0, 0),
(357555941215961099, 1, 0, 0),
(282980174931427328, 1, 0, 0),
(426034919232372737, 1, 0, 0),
(416869798249758731, 1, 0, 0),
(291574480084664320, 1, 0, 0),
(563587297858027521, 1, 0, 0),
(437375723133730816, 1, 0, 0),
(555420361089613854, 1, 0, 0),
(417886593937047552, 1, 0, 0),
(586728827359592451, 1, 0, 0),
(605911166744657922, 1, 0, 0),
(364579595044782080, 1, 0, 0),
(485753120735887370, 1, 0, 0),
(423923426990751754, 1, 0, 0),
(474108121560907787, 1, 0, 0),
(321137772054183947, 1, 0, 0),
(614187336367865856, 1, 0, 0),
(313114429451665409, 1, 0, 0),
(266103595949096960, 1, 0, 0),
(325330035311640576, 1, 0, 0),
(362191980656066571, 1, 0, 0),
(267965307778367488, 1, 0, 0),
(476498093584416769, 1, 0, 0),
(247545190154240001, 1, 0, 0),
(465963635664093214, 1, 0, 0),
(600597544052981770, 1, 0, 0),
(569874192733044747, 1, 0, 0),
(553340441630605313, 1, 0, 0),
(144645791145918464, 1, 0, 0),
(541191498071408640, 1, 0, 0),
(360380193937817600, 1, 0, 0),
(326641189870895104, 1, 0, 0),
(589475671181623306, 1, 0, 0),
(360418915626516490, 1, 0, 0),
(477126883369156610, 1, 0, 0),
(375903224345133059, 1, 0, 0),
(578507623360626688, 1, 0, 0),
(534167549777018890, 1, 0, 0),
(565172976966828032, 1, 0, 0),
(353482513399676928, 1, 0, 0),
(562408623784067074, 1, 0, 0),
(614282527636455433, 1, 0, 0),
(238768977541595137, 1, 0, 0),
(194089003530715136, 1, 0, 0),
(355653431236624404, 1, 0, 0),
(423196772882579456, 1, 0, 0),
(370940770225618954, 1, 0, 0),
(527193621355823114, 1, 0, 0),
(532302974320508948, 1, 0, 0),
(372511780494114818, 1, 0, 0),
(612755834392281120, 1, 0, 0),
(234234723314958339, 1, 0, 0),
(482957495438934027, 1, 0, 0),
(593416738725691403, 1, 0, 0),
(603355970906619914, 1, 0, 0),
(164315105264271360, 1, 0, 0),
(353328118427287573, 1, 0, 0),
(594852041050816522, 1, 0, 0),
(126078488619909121, 1, 0, 0),
(506899274748133376, 1, 0, 0);
COMMIT;

/*!40101 SET CHARACTER_SET_CLIENT=@OLD_CHARACTER_SET_CLIENT */;
/*!40101 SET CHARACTER_SET_RESULTS=@OLD_CHARACTER_SET_RESULTS */;
/*!40101 SET COLLATION_CONNECTION=@OLD_COLLATION_CONNECTION */;
